2023-04-03 19:59:14.512430,/r/tifu/comments/12b0f0b/tifu_by_eating_a_brownie_and_flipping_off/
2023-04-03 20:02:58.266851,/r/Showerthoughts/comments/12b2ew1/big_catch_22_with_rolling_joints_is_that_its_much/
2023-04-21 00:51:53.437200,/r/Showerthoughts/comments/12tpibv/the_same_water_that_you_sip_to_survive_can_choke/
2023-04-21 00:53:36.522825,/r/Showerthoughts/comments/12tpibv/the_same_water_that_you_sip_to_survive_can_choke/
2023-04-21 01:02:48.911994,/r/Showerthoughts/comments/12tq5xi/it_sucks_that_there_arent_micro_vaginas_for_micro/
2023-04-21 01:03:48.803781,/r/Jokes/comments/12tqpw3/a_physicist_a_mathematician_and_an_engineer_are/
2023-04-24 03:54:52.238439,/r/Showerthoughts/comments/12x6l6l/the_2010s_were_the_decade_of_social_media/
2023-04-24 03:55:21.115231,/r/Jokes/comments/12x7evt/whats_simones_little_sister_called/
2023-04-24 03:55:51.939255,/r/Showerthoughts/comments/12x752m/nandos_in_the_uk_has_to_be_laced_with_crack/
2023-04-24 03:56:33.822307,/r/tifu/comments/12x6uy1/tifu_by_telling_my_partner_that_ive_masturbated/
2023-04-24 03:58:16.016775,/r/tifu/comments/12x639r/tifu_by_cussing_on_my_dad/
2023-04-24 03:58:41.520743,/r/tifu/comments/12x6uy1/tifu_by_telling_my_partner_that_ive_masturbated/
2023-04-24 17:10:32.957605,/r/Showerthoughts/comments/12xurye/forgiveness_is_only_truly_given_when_you_have_the/
2023-04-26 05:59:14.931229,/r/tifu/comments/12zc5pj/tifu_by_violating_the_school_toilets/
2023-04-26 06:00:51.090402,/r/Showerthoughts/comments/12zb0ee/theres_a_fine_line_between_bravery_and_stupidity/
2023-04-26 06:03:03.392555,/r/Jokes/comments/12zbmjd/whats_the_opposite_of_a_hi_hat/
2023-04-26 07:50:37.608248,/r/tifu/comments/12zdiib/tifu_my_life_after_trying_fix_up_a_new_home_and/
2023-04-26 07:51:56.895843,/r/Showerthoughts/comments/12ze2s9/every_comment_section_is_a_live_chat/
2023-04-26 07:53:41.343841,/r/Jokes/comments/12zdp7i/i_just_heard_harry_belafonte_died/
2023-04-26 07:55:56.511274,/r/oneliners/comments/12zdp3d/i_was_so_bored_that_i_memorized_six_pages_of_the/
2023-04-26 07:56:48.739458,/r/Showerthoughts/comments/12zevz1/people_who_refuse_to_look_at_arguments/
2023-04-26 07:57:12.615424,/r/Showerthoughts/comments/12ze6oh/robots_move_increasingly_more_human_like_as/
2023-04-26 07:57:50.074552,/r/Showerthoughts/comments/12ze9ur/the_invention_of_alcohol_has_helped_us_celebrate/
